{
  "documents": [
    {
      "filename": "知识点精讲.md",
      "type": "concept",
      "description": "一元二次方程核心知识点精讲,包含12个考点的完整讲解",
      "chunks": [
        {
          "chunk_id": "concept_01_definition",
          "title": "考点1: 一元二次方程的定义",
          "type": "concept",
          "difficulty": "basic",
          "keywords": ["一元二次方程", "定义", "整式方程", "最高次数", "ax²+bx+c=0"],
          "topics": ["基础概念"],
          "formulas": ["ax²+bx+c=0 (a≠0)"],
          "line_start": 24,
          "line_end": 139
        },
        {
          "chunk_id": "concept_02_standard_form",
          "title": "考点2: 一元二次方程的一般形式",
          "type": "concept",
          "difficulty": "basic",
          "keywords": ["一般形式", "二次项系数", "一次项系数", "常数项", "化简"],
          "topics": ["基础概念"],
          "formulas": ["ax²+bx+c=0"],
          "line_start": 140,
          "line_end": 228
        },
        {
          "chunk_id": "concept_05_completing_square",
          "title": "考点5: 配方法",
          "type": "method",
          "difficulty": "medium",
          "keywords": ["配方法", "完全平方式", "最值", "配方步骤", "(x+m)²=n"],
          "topics": ["解法体系"],
          "formulas": ["x²+px → 配(p/2)²", "(x+m)²=n"],
          "line_start": 229,
          "line_end": 403,
          "related_topics": ["公式法", "二次函数求最值"]
        },
        {
          "chunk_id": "concept_06_quadratic_formula",
          "title": "考点6: 公式法（求根公式）",
          "type": "method",
          "difficulty": "medium",
          "keywords": ["公式法", "求根公式", "判别式", "x=(-b±√Δ)/(2a)", "万能解法"],
          "topics": ["解法体系"],
          "formulas": ["x = (-b ± √(b²-4ac)) / (2a)", "Δ=b²-4ac"],
          "line_start": 404,
          "line_end": 597,
          "related_topics": ["判别式", "配方法推导"]
        },
        {
          "chunk_id": "concept_08_discriminant",
          "title": "考点8: 根的判别式",
          "type": "theory",
          "difficulty": "advanced",
          "keywords": ["判别式", "Δ", "b²-4ac", "根的个数", "抛物线交点"],
          "topics": ["根的理论"],
          "formulas": ["Δ=b²-4ac", "Δ>0两根", "Δ=0一根", "Δ<0无根"],
          "line_start": 598,
          "line_end": 823,
          "related_topics": ["公式法", "二次函数图像"]
        },
        {
          "chunk_id": "concept_09_vieta_theorem",
          "title": "考点9: 根与系数的关系（韦达定理）",
          "type": "theory",
          "difficulty": "advanced",
          "keywords": ["韦达定理", "根与系数", "两根之和", "两根之积", "x₁+x₂=-b/a", "x₁·x₂=c/a"],
          "topics": ["根的理论"],
          "formulas": ["x₁+x₂=-b/a", "x₁·x₂=c/a", "x₁²+x₂²=(x₁+x₂)²-2x₁x₂"],
          "line_start": 824,
          "line_end": 1147,
          "related_topics": ["判别式", "根的符号判断", "构造方程"]
        }
      ]
    },
    {
      "filename": "问答FAQ.md",
      "type": "faq",
      "description": "学生常见困惑和深度解答",
      "chunks": [
        {
          "chunk_id": "faq_01_why_completing_square",
          "title": "Q1: 为什么要学配方法?",
          "type": "faq",
          "difficulty": "basic",
          "keywords": ["配方法", "为什么学", "理论基础", "二次函数", "求最值"],
          "topics": ["学习困惑", "配方法意义"],
          "question": "为什么要学配方法?公式法不是万能的吗?",
          "line_start": 2,
          "line_end": 36
        },
        {
          "chunk_id": "faq_02_equation_vs_function",
          "title": "Q2: 一元二次方程和二次函数的关系",
          "type": "faq",
          "difficulty": "medium",
          "keywords": ["一元二次方程", "二次函数", "关系", "根", "交点", "抛物线"],
          "topics": ["概念辨析", "函数与方程"],
          "question": "一元二次方程和二次函数有什么关系?",
          "line_start": 37,
          "line_end": 77,
          "related_topics": ["判别式", "图像交点"]
        },
        {
          "chunk_id": "faq_03_discriminant_vs_vieta",
          "title": "Q3: 判别式和韦达定理的使用场景",
          "type": "faq",
          "difficulty": "medium",
          "keywords": ["判别式", "韦达定理", "使用场景", "根的个数", "根的关系"],
          "topics": ["解题策略"],
          "question": "什么时候用判别式,什么时候用韦达定理?",
          "line_start": 78,
          "line_end": 107
        },
        {
          "chunk_id": "faq_04_one_or_two_roots",
          "title": "Q4: 为什么有些方程有两个根,有些只有一个?",
          "type": "faq",
          "difficulty": "basic",
          "keywords": ["根的个数", "重根", "两个相等的根", "Δ=0"],
          "topics": ["概念辨析"],
          "question": "为什么有些方程有两个根,有些只有一个?",
          "line_start": 108,
          "line_end": 136
        },
        {
          "chunk_id": "faq_05_growth_rate",
          "title": "Q5: 增长率问题为什么列二次方程?",
          "type": "faq",
          "difficulty": "medium",
          "keywords": ["增长率", "连续增长", "(1+x)²", "实际应用", "乘法模型"],
          "topics": ["实际应用", "建模思维"],
          "question": "增长率问题为什么要列一元二次方程?",
          "line_start": 137,
          "line_end": 173
        },
        {
          "chunk_id": "faq_06_learning_strategy",
          "title": "学习策略与规划",
          "type": "strategy",
          "difficulty": "basic",
          "keywords": ["学习路径", "知识图谱", "难度分级", "时间规划", "学习误区"],
          "topics": ["学习方法"],
          "line_start": 174,
          "line_end": 355
        }
      ]
    },
    {
      "filename": "解题方法库.md",
      "type": "method",
      "description": "解题策略、方法选择和检验技巧",
      "chunks": [
        {
          "chunk_id": "method_01_decision_tree",
          "title": "方法选择决策树",
          "type": "strategy",
          "difficulty": "medium",
          "keywords": ["方法选择", "决策树", "直接开平方", "因式分解", "公式法", "配方法"],
          "topics": ["解题策略"],
          "line_start": 2,
          "line_end": 48
        },
        {
          "chunk_id": "method_02_completing_square_steps",
          "title": "配方法完整步骤",
          "type": "method",
          "difficulty": "medium",
          "keywords": ["配方法", "步骤", "配方数", "完全平方式"],
          "topics": ["解题方法"],
          "formulas": ["配方数=(p/2)²"],
          "line_start": 50,
          "line_end": 81
        },
        {
          "chunk_id": "method_03_problem_recognition",
          "title": "题型识别技巧",
          "type": "strategy",
          "difficulty": "medium",
          "keywords": ["题型识别", "特征识别", "方法匹配"],
          "topics": ["解题策略"],
          "line_start": 82,
          "line_end": 127
        },
        {
          "chunk_id": "method_04_verification",
          "title": "检验方法",
          "type": "method",
          "difficulty": "basic",
          "keywords": ["检验", "代入验证", "韦达定理检验", "实际意义"],
          "topics": ["解题规范"],
          "line_start": 128,
          "line_end": 196
        }
      ]
    },
    {
      "filename": "题库.md",
      "type": "exercise",
      "description": "题库占位文件,暂无具体例题内容",
      "chunks": []
    },
    {
      "filename": "综合应用案例.md",
      "type": "case_study",
      "description": "综合应用案例详解",
      "chunks": [
        {
          "chunk_id": "case_01_comprehensive",
          "title": "案例1: 判别式与韦达定理综合",
          "type": "case_study",
          "difficulty": "advanced",
          "keywords": ["综合题", "判别式", "韦达定理", "含参讨论", "条件验证"],
          "topics": ["综合应用"],
          "line_start": 3,
          "line_end": 78
        },
        {
          "chunk_id": "case_02_dynamic_geometry",
          "title": "案例2: 实际应用综合题（动点问题）",
          "type": "case_study",
          "difficulty": "expert",
          "keywords": ["动点问题", "几何综合", "分段讨论", "实际意义", "压轴题"],
          "topics": ["应用拓展"],
          "line_start": 79,
          "line_end": 179
        }
      ]
    }
  ],
  "global_metadata": {
    "subject": "数学",
    "grade": "初中",
    "chapter": "一元二次方程",
    "total_concepts": 12,
    "difficulty_levels": ["basic", "medium", "advanced", "expert"],
    "topic_taxonomy": {
      "基础概念": ["定义", "一般形式", "根的概念"],
      "解法体系": ["直接开平方法", "配方法", "公式法", "因式分解法"],
      "根的理论": ["判别式", "韦达定理", "根的分布"],
      "应用拓展": ["实际问题建模", "几何问题", "增长率问题", "动点问题"],
      "综合应用": ["含参讨论", "多知识点综合", "压轴题"]
    },
    "formula_index": [
      "ax²+bx+c=0 (a≠0)",
      "x = (-b ± √Δ) / (2a)",
      "Δ = b²-4ac",
      "x₁+x₂ = -b/a",
      "x₁·x₂ = c/a",
      "x₁²+x₂² = (x₁+x₂)²-2x₁x₂",
      "(x+m)²=n"
    ]
  }
}
