{
  "chunks": [
    {
      "chunk_id": "concept_01_definition",
      "source_file": "知识点精讲.md",
      "title": "考点1: 一元二次方程的定义",
      "content": "考点1: 一元二次方程的定义\n📘 概念定义\n【标准表述】\n整式方程中,只含有一个未知数,且未知数的最高次数是2的方程,\n叫做一元二次方程(quadratic equation of one unknown)。\n\n【关键要素】(三个必须同时满足)\n1. 整式方程 (等号两边都是整式)\n2. 只含一个未知数\n3. 未知数最高次数是2\n\n【数学语言】\n形如 ax²+bx+c=0 (a,b,c为常数,a≠0) 的方程。\n🧮 关键结论\n【重要约束】\na≠0 是必要条件！\n- 若a=0: 方程变为 bx+c=0 → 一元一次方程\n- 若a≠0: 才能保证最高次为2\n\n【辨析对比】\n✓ x²+2x-3=0         → 是 (符合ax²+bx+c=0)\n✓ 2x²-5=0           → 是 (b=0的特殊情况)\n✓ x²-3x=0           → 是 (c=0的特殊情况)\n✗ x²+1/x=0          → 否 (含分式,不是整式方程)\n✗ x²=x³             → 否 (化简后最高次为3)\n✗ (x-1)²=x²-2x+1    → 否 (化简后为0=0,恒等式)\n📝 典型例题\n例1 (识别判断)\n\n题目：判断下列哪些是一元二次方程:\n(1) 3x²-2x=1\n(2) x(x-1)=x²\n(3) (m-2)x²+3x-1=0 (m为常数)\n(4) ax²+bx+c=0\n\n【解答】\n(1) 是。化为一般形式：3x²-2x-1=0\n\n(2) 否。\n    展开：x²-x=x²\n    化简：-x=0 → x=0 (一元一次方程)\n\n(3) 不一定。需要讨论：\n    - 若m≠2,则是一元二次方程\n    - 若m=2,则方程变为 3x-1=0 (一元一次方程)\n\n(4) 不一定。\n    - 若a≠0,则是\n    - 若a=0,则不是\n\n【易错提醒】\n含参数的方程,必须讨论参数取值!\n例2 (定义应用)\n\n题目：若方程 (k-1)x^(k²-2k+1) + 2x - 5 = 0 是关于x的一元二次方程,\n求k的值。\n\n【解析】\n根据定义,需满足两个条件：\n① 未知数最高次数为2： k²-2k+1 = 2\n② 最高次项系数不为0： k-1 ≠ 0\n\n【求解】\n由①: k²-2k+1=2\n     k²-2k-1=0\n     k = (2±√8)/2 = 1±√2\n\n由②: k≠1\n\n检验：\n- k=1+√2: 满足k≠1 ✓\n- k=1-√2: 满足k≠1 ✓\n\n答：k=1±√2\n例3 (易错辨析)\n\n题目：方程 2x²+3=5x 是一元二次方程,对吗?\n\n【学生易错答案】\n\"不是,因为没有写成 ax²+bx+c=0 的形式\"\n\n【正确答案】\n是一元二次方程!\n\n【分析】\n一元二次方程的定义是从本质特征出发的,\n不是从形式出发！\n虽然没有写成一般形式,但满足：\n1. 整式方程 ✓\n2. 一个未知数 ✓\n3. 最高次为2 ✓\n\n只需化为一般形式即可：2x²-5x+3=0\n⚠️ 常见错误（陷阱提醒）\n【陷阱1：未判断最高次项系数】\n错误示范：\n\"方程 (a-2)x²+3x-1=0 是一元二次方程,所以...\"\n正确做法：\n必须先说明 a-2≠0,即 a≠2！\n\n【陷阱2：化简后降次】\n方程 (x+1)²=(x-1)²+4x\n学生易错：认为含x²就是二次方程\n正确分析：\n  展开：x²+2x+1 = x²-2x+1+4x\n  化简：2x = 2x (恒等式,不是方程!)\n\n【陷阱3：忽略\"整式\"条件】\n方程 x²+1/x-5=0\n学生易错：看到x²就认为是二次方程\n正确分析：含分式,不是整式方程!\n\n【记忆口诀】\n\"二次方程要三看：\n 整式一未最高二,\n 系数非零是关键!\"",
      "metadata": {
        "type": "concept",
        "difficulty": "basic",
        "keywords": [
          "一元二次方程",
          "ax²+bx+c=0",
          "最高次数",
          "整式方程",
          "化简",
          "定义"
        ],
        "topics": [
          "基础概念"
        ],
        "formulas": [
          "ax²+bx+c=0 (a≠0)"
        ],
        "related_topics": [],
        "question": null,
        "line_range": "24-139"
      }
    },
    {
      "chunk_id": "concept_02_standard_form",
      "source_file": "知识点精讲.md",
      "title": "考点2: 一元二次方程的一般形式",
      "content": "考点2: 一元二次方程的一般形式\n📘 概念定义\n【标准形式】\nax²+bx+c=0 (a≠0)\n\n其中：\n- ax² : 二次项, a是二次项系数\n- bx  : 一次项, b是一次项系数  \n- c   : 常数项\n\n【特别强调】\na≠0 是一般形式的必要条件！\nb和c可以为0。\n🔄 一般形式化简技巧\n【化简步骤】\n1. 去分母 (两边乘最简公分母)\n2. 去括号 (展开、合并)\n3. 移项 (使方程一边为0)\n4. 合并同类项\n5. 化为 ax²+bx+c=0 形式\n\n【示例】\n原方程：(x+1)²=2(x+2)\n\nStep1: 去括号\n       x²+2x+1 = 2x+4\n\nStep2: 移项\n       x²+2x+1-2x-4 = 0\n\nStep3: 合并\n       x²-3 = 0\n\n∴ 一般形式为 x²+0x-3=0\n  其中 a=1, b=0, c=-3\n📝 典型例题\n例1 (化一般形式)\n\n题目：将下列方程化为一般形式,并指出a,b,c的值:\n(1) 3x(x-1)=2(x+2)-4\n(2) (2x+1)²=4(x-1)²\n\n【解答】\n(1) 3x²-3x = 2x+4-4\n    3x²-3x = 2x\n    3x²-5x = 0\n    ∴ a=3, b=-5, c=0\n\n(2) 展开左边：4x²+4x+1\n    展开右边：4(x²-2x+1)=4x²-8x+4\n    移项：4x²+4x+1-4x²+8x-4=0\n    合并：12x-3=0\n    ∴ 这不是一元二次方程! (化简后二次项消失)\n例2 (含参一般形式)\n\n题目：已知关于x的方程 (m-3)x²+2mx+m+1=0 是一元二次方程,\n写出它的一般形式,并指出二次项系数、一次项系数和常数项。\n\n【解答】\n∵ 是一元二次方程\n∴ m-3 ≠ 0,即 m≠3\n\n一般形式：(m-3)x²+2mx+(m+1)=0\n\n二次项系数：a = m-3\n一次项系数：b = 2m  \n常数项：c = m+1\n\n【注意】\na,b,c可以含参数,但a必须≠0!\n⚠️ 常见错误\n【错误1：二次项系数符号搞错】\n方程 5-2x²=3x\n学生常写成：-2x²+3x+5=0 → a=-2 ✗\n\n正确做法：\n移项：-2x²-3x+5=0\n或者两边乘-1：2x²+3x-5=0 (更标准)\n∴ a=2, b=3, c=-5\n\n【错误2：漏掉\"=0\"】\n将 3x²=2x+1 的一般形式写成 3x²-2x-1 ✗\n正确：3x²-2x-1=0\n\n【技巧】\n一般形式必须：\n1. 右边是0\n2. 二次项系数为正 (习惯上)\n3. 各项系数为整数 (尽量化简)",
      "metadata": {
        "type": "concept",
        "difficulty": "basic",
        "keywords": [
          "移项",
          "一元二次方程",
          "常数项",
          "一般形式",
          "二次项系数",
          "化简",
          "一次项系数"
        ],
        "topics": [
          "基础概念"
        ],
        "formulas": [
          "ax²+bx+c=0"
        ],
        "related_topics": [],
        "question": null,
        "line_range": "140-228"
      }
    },
    {
      "chunk_id": "concept_05_completing_square",
      "source_file": "知识点精讲.md",
      "title": "考点5: 配方法",
      "content": "考点5: 配方法 ⭐\n📘 核心原理\n【数学思想】\n将方程左边配成完全平方式 (x+m)²,\n右边化为常数n,\n得到 (x+m)²=n 的形式,\n再用直接开平方法求解。\n\n【理论依据】\n完全平方公式: (a±b)²=a²±2ab+b²\n反向应用: a²±2ab+b²=(a±b)²\n🔧 配方法步骤\n【标准五步法】\n\nStep 1: 化二次项系数为1\n        (两边同除以a,要求a≠0)\n\nStep 2: 移项\n        (使含x的项在左边,常数在右边)\n\nStep 3: 配方\n        (左边加上一次项系数一半的平方,\n         右边也加上相同的数)\n        \n        关键公式：\n        x²+px → 需要配 (p/2)²\n\nStep 4: 化为 (x+m)²=n 的形式\n        (左边写成完全平方,右边合并)\n\nStep 5: 开方求解\n        x+m = ±√n\n        (注意要写±号!)\n\n【记忆口诀】\n\"一除二移三配方,\n 左平右并开方忙!\"\n📝 典型例题\n例1 (基础配方)\n\n题目：用配方法解方程 x²-6x+5=0\n\n【详细步骤】\n原方程：x²-6x+5=0\n\nStep 1: 二次项系数已是1,跳过\n\nStep 2: 移项\n        x²-6x = -5\n\nStep 3: 配方\n        一次项系数=-6\n        一半=(-6)÷2=-3\n        一半的平方=(-3)²=9\n        \n        两边同时加9：\n        x²-6x+9 = -5+9\n\nStep 4: 左边化为完全平方\n        (x-3)² = 4\n\nStep 5: 开平方\n        x-3 = ±2\n        \n        x-3=2 或 x-3=-2\n        x₁=5   或 x₂=1\n\n【验证】\nx=5: 25-30+5=0 ✓\nx=1: 1-6+5=0 ✓\n例2 (需先化系数为1)\n\n题目：用配方法解方程 2x²-8x+6=0\n\n【详细步骤】\n原方程：2x²-8x+6=0\n\nStep 1: 两边除以2\n        x²-4x+3=0\n\nStep 2: 移项\n        x²-4x = -3\n\nStep 3: 配方\n        (-4)÷2=-2\n        (-2)²=4\n        \n        两边加4：\n        x²-4x+4 = -3+4\n\nStep 4: 完全平方\n        (x-2)² = 1\n\nStep 5: 开平方\n        x-2 = ±1\n        x₁=3, x₂=1\n\n【另一种写法】(不除2,直接配)\n2x²-8x+6=0\n2(x²-4x)+6=0\n2(x²-4x+4-4)+6=0\n2(x-2)²-8+6=0\n2(x-2)²=2\n(x-2)²=1\nx-2=±1\nx₁=3, x₂=1\n例3 (配方法求最值)\n\n题目：用配方法求代数式 x²-4x+7 的最小值。\n\n【解答】\nx²-4x+7\n= x²-4x+4-4+7      (配方: 加4再减4)\n= (x-2)²+3\n\n∵ (x-2)²≥0\n∴ (x-2)²+3 ≥ 3\n\n当 x-2=0,即 x=2 时,\n原式有最小值 3。\n\n【应用场景】\n这个技巧在二次函数求最值时非常重要!\n🎯 配方关键技巧\n【技巧1：快速确定配方数】\n方程 x²+px = q\n\n配方数 = (p/2)²\n\n记忆：一次项系数的一半,再平方!\n\n【技巧2：负数配方】\nx²-6x → 配 (-6/2)² = 9\nx²+5x → 配 (5/2)² = 25/4\n\n【技巧3：分数系数配方】\nx²+ (2/3)x → 配 [(2/3)÷2]² = (1/3)² = 1/9\n\n【技巧4：判断何时用配方法】\n优先使用情况：\n✓ 题目明确要求\"用配方法\"\n✓ 一次项系数是偶数\n✓ 求最值问题\n✓ 推导公式\n\n不建议使用：\n✗ 系数是复杂分数\n✗ 能直接因式分解\n⚠️ 常见错误\n【错误1：配方数算错】\nx²-6x → 错误配成 (-3)²=9 ✗\n正确：(-6÷2)²=(-3)²=9 ✓\n\n关键：是(-6)÷2,不是-6÷(2²)!\n\n【错误2：右边忘记加】\nx²-4x = 3\nx²-4x+4 = 3  ✗ (右边忘了加4)\n正确：x²-4x+4 = 3+4\n\n【错误3：开方漏掉±号】\n(x-2)²=9\nx-2=3 ✗ (只写了+3)\n正确：x-2=±3 → x₁=5, x₂=-1\n\n【错误4：完全平方式符号错】\nx²-6x+9 写成 (x+3)² ✗\n正确：(x-3)²\n\n判断方法：看一次项系数的符号!\n- 一次项是 -6x → 写 (x-3)²\n- 一次项是 +6x → 写 (x+3)²\n\n【检验技巧】\n配方后展开,看是否与配方前一致：",
      "metadata": {
        "type": "method",
        "difficulty": "medium",
        "keywords": [
          "移项",
          "配方法",
          "解方程",
          "最值",
          "直接开平方",
          "配方步骤",
          "二次项系数",
          "因式分解",
          "一次项系数",
          "(x+m)²=n",
          "完全平方式"
        ],
        "topics": [
          "解法体系"
        ],
        "formulas": [
          "x²+px → 配(p/2)²",
          "(x+m)²=n"
        ],
        "related_topics": [
          "公式法",
          "二次函数求最值"
        ],
        "question": null,
        "line_range": "229-403"
      }
    },
    {
      "chunk_id": "concept_06_quadratic_formula",
      "source_file": "知识点精讲.md",
      "title": "考点6: 公式法（求根公式）",
      "content": "(x-3)² = x²-6x+9 ✓\n考点6: 公式法（求根公式）⭐⭐⭐\n📘 求根公式\n【核心公式】\n一元二次方程 ax²+bx+c=0 (a≠0) 的解为：\n\n    x = (-b ± √(b²-4ac)) / (2a)\n\n其中 Δ=b²-4ac 称为判别式(discriminant)\n\n【使用前提】\n1. 方程必须是一元二次方程 (a≠0)\n2. 方程必须化为一般形式 ax²+bx+c=0\n3. Δ≥0 时才有实数根\n🎓 公式推导（重要！）\n【推导过程】(配方法推导)\n\n已知：ax²+bx+c=0 (a≠0)\n\nStep 1: 两边除以a\n        x² + (b/a)x + c/a = 0\n\nStep 2: 移项\n        x² + (b/a)x = -c/a\n\nStep 3: 配方 (加一次项系数一半的平方)\n        一次项系数 = b/a\n        一半 = b/(2a)\n        平方 = b²/(4a²)\n        \n        x² + (b/a)x + b²/(4a²) = -c/a + b²/(4a²)\n\nStep 4: 左边化完全平方\n        (x + b/(2a))² = -c/a + b²/(4a²)\n        \n        右边通分：\n        = (-4ac + b²)/(4a²)\n        = (b²-4ac)/(4a²)\n\nStep 5: 开平方\n        x + b/(2a) = ± √(b²-4ac)/(2a)\n\nStep 6: 解出x\n        x = -b/(2a) ± √(b²-4ac)/(2a)\n        \n        x = (-b ± √(b²-4ac)) / (2a)\n\n证毕！\n📝 典型例题\n例1 (基础应用)\n\n题目：用公式法解方程 x²-5x+6=0\n\n【标准解答】\n原方程化为一般形式：x²-5x+6=0\n\n识别系数：a=1, b=-5, c=6\n\nStep 1: 计算判别式\n        Δ = b²-4ac\n          = (-5)²-4×1×6\n          = 25-24\n          = 1 > 0\n        \n        ∴ 方程有两个不相等的实数根\n\nStep 2: 代入公式\n        x = (-b ± √Δ) / (2a)\n          = (5 ± √1) / 2\n          = (5 ± 1) / 2\n\nStep 3: 计算两根\n        x₁ = (5+1)/2 = 3\n        x₂ = (5-1)/2 = 2\n\n【验证】\nx=3: 9-15+6=0 ✓\nx=2: 4-10+6=0 ✓\n例2 (含分数系数)\n\n题目：解方程 (1/2)x² - 2x + 1 = 0\n\n【解法一】(先化整数系数)\n两边乘2：x²-4x+2=0\n\na=1, b=-4, c=2\nΔ = 16-8 = 8\n\nx = (4±√8)/2 = (4±2√2)/2 = 2±√2\n\n【解法二】(直接代公式)\na=1/2, b=-2, c=1\n\nΔ = 4-4×(1/2)×1 = 4-2 = 2\n\nx = (2±√2) / (2×1/2)\n  = (2±√2) / 1\n  = 2±√2\n\n两种方法结果相同!\n\n【建议】\n遇到分数系数,建议先化为整数,避免计算复杂。\n例3 (判别式先行)\n\n题目：不解方程,判断下列方程根的情况:\n(1) x²-2x+3=0\n(2) 4x²-4x+1=0\n(3) x²+x-1=0\n\n【解答】\n(1) a=1, b=-2, c=3\n    Δ = 4-12 = -8 < 0\n    ∴ 方程无实数根\n\n(2) a=4, b=-4, c=1\n    Δ = 16-16 = 0\n    ∴ 方程有两个相等的实数根\n    \n    (可进一步求出: x₁=x₂=1/2)\n\n(3) a=1, b=1, c=-1\n    Δ = 1+4 = 5 > 0\n    ∴ 方程有两个不相等的实数根\n\n【技巧】\n判断根的情况,只需算Δ,不必代入完整公式!\n🎯 公式法使用技巧\n【技巧1：系数识别要准确】\n方程 3-2x²=5x\n化一般形式：-2x²-5x+3=0\n或者：2x²+5x-3=0 (两边乘-1,更标准)\n\n用后者: a=2, b=5, c=-3\n(注意符号!)\n\n【技巧2：化简先行】\n遇到这些情况,先化简:\n- 分数系数 → 通分化整数\n- 两边有公因数 → 提取简化\n- 小数系数 → 化为分数或整数\n\n【技巧3：判别式优先】\n解题顺序:\n1. 先算Δ\n2. 判断根的情况\n3. 若Δ<0,直接写\"无实数根\",不用代公式\n4. 若Δ≥0,再代入完整公式\n\n【技巧4：根式化简】\nx = (-b ± √Δ) / (2a)\n\n若Δ能开方,尽量化简:\n√8 = 2√2\n√12 = 2√3\n√18 = 3√2\n\n【技巧5：特殊值秒杀】\n当Δ是完全平方数时,根为有理数:\nΔ=1 → √1=1\nΔ=4 → √4=2\nΔ=9 → √9=3\n...\n⚠️ 常见错误\n【错误1：b的符号搞反】\n方程 x²-3x+2=0\n学生写：b=3 ✗\n正确：b=-3 (要带符号!)\n\n【错误2：-b忘记变号】\nx = (-b±√Δ)/(2a)\n当 b=-3 时\n学生写：x = (-3±...)  ✗\n正确：x = (3±...)     ✓ (-(-3)=3)\n\n【错误3：根号下忘记b²】\nΔ = b²-4ac\n学生算成：Δ = b-4ac ✗\n\n【错误4：2a只乘了分子一部分】\n错误：x = -b/(2a) ± √Δ/2a  ✗\n正确：x = (-b ± √Δ) / (2a)  ✓\n(注意2a是整个分母!)\n\n【错误5：Δ<0强行开方】\nΔ=-5\n学生写：x = (...)±√(-5)/...  ✗\n正确：直接写\"方程无实数根\"\n\n【记忆口诀】\n\"负b加减根号Δ,\n 全部除以二a,\n 判别先行少出差,\n 符号计算要细查!\"",
      "metadata": {
        "type": "method",
        "difficulty": "medium",
        "keywords": [
          "公式法",
          "移项",
          "配方法",
          "实数根",
          "一元二次方程",
          "化简",
          "求根公式",
          "万能解法",
          "判别式",
          "解方程",
          "一次项系数",
          "x=(-b±√Δ)/(2a)"
        ],
        "topics": [
          "解法体系"
        ],
        "formulas": [
          "x = (-b ± √(b²-4ac)) / (2a)",
          "Δ=b²-4ac"
        ],
        "related_topics": [
          "判别式",
          "配方法推导"
        ],
        "question": null,
        "line_range": "404-597"
      }
    },
    {
      "chunk_id": "concept_08_discriminant",
      "source_file": "知识点精讲.md",
      "title": "考点8: 根的判别式",
      "content": "考点8: 根的判别式 ⭐⭐⭐\n📘 判别式定义\n【核心概念】\n对于一元二次方程 ax²+bx+c=0 (a≠0),\n式子 Δ=b²-4ac 称为该方程的判别式(discriminant)。\n\n【符号来源】\nΔ是希腊字母Delta,在数学中常表示\"差值\"或\"变化量\"。\n\n【地位】\n判别式是联系一元二次方程、二次函数、不等式的核心工具!\n🎯 判别式的作用\n【核心定理】\n对于方程 ax²+bx+c=0 (a≠0):\n\n┌─────────────────────┬──────────────────┐\n│   判别式Δ的值       │   根的情况       │\n├─────────────────────┼──────────────────┤\n│   Δ > 0             │ 两个不相等的实根 │\n│   (b²-4ac>0)        │                  │\n├─────────────────────┼──────────────────┤\n│   Δ = 0             │ 两个相等的实根   │\n│   (b²-4ac=0)        │ (或一个重根)     │\n├─────────────────────┼──────────────────┤\n│   Δ < 0             │ 没有实数根       │\n│   (b²-4ac<0)        │                  │\n└─────────────────────┴──────────────────┘\n\n【特别说明】\n1. \"两个相等的实根\"也可表述为\"有实根\"\n2. Δ≥0 ⟺ 方程有实数根\n3. Δ<0时,方程在复数范围内有两个共轭复根(高中内容)\n🔄 判别式的几何意义\n【抛物线视角】\n方程 ax²+bx+c=0 的根\n= 二次函数 y=ax²+bx+c 图像与x轴交点的横坐标\n\n┌────────────┬──────────────┬──────────────┐\n│ 判别式     │ 图像与x轴    │ 交点个数     │\n├────────────┼──────────────┼──────────────┤\n│ Δ>0        │ 相交         │ 2个交点      │\n├────────────┼──────────────┼──────────────┤\n│ Δ=0        │ 相切         │ 1个交点(顶点)│\n├────────────┼──────────────┼──────────────┤\n│ Δ<0        │ 相离         │ 0个交点      │\n└────────────┴──────────────┴──────────────┘\n\n【示意图】\n    y                  y                  y\n    │                  │                  │\n    │   ╱╲            │    ╱╲           │     ╱╲\n────┼──────── x    ────┼────○── x    ────┼─────── x\n    │ (Δ>0)           │  (Δ=0)          │ (Δ<0)\n  2个交点            顶点在x轴上        无交点\n📝 典型例题\n例1 (基础判断)\n\n题目：不解方程,判断下列方程根的情况:\n(1) x²+x+1=0\n(2) 4x²=12x-9\n(3) x²-2x-3=0\n\n【解答】\n(1) a=1, b=1, c=1\n    Δ = 1-4 = -3 < 0\n    ∴ 方程无实数根\n\n(2) 化为一般形式：4x²-12x+9=0\n    a=4, b=-12, c=9\n    Δ = 144-144 = 0\n    ∴ 方程有两个相等的实数根\n    (进一步可求出: x₁=x₂=3/2)\n\n(3) a=1, b=-2, c=-3\n    Δ = 4+12 = 16 > 0\n    ∴ 方程有两个不相等的实数根\n例2 (求参数范围)\n\n题目：已知关于x的方程 x²+2x+k-1=0 有两个不相等的实数根,\n求k的取值范围。\n\n【详解】\n∵ 方程有两个不相等的实数根\n∴ Δ > 0\n\na=1, b=2, c=k-1\nΔ = b²-4ac\n  = 4 - 4(k-1)\n  = 4 - 4k + 4\n  = 8 - 4k\n\n由 Δ>0 得：\n8-4k > 0\n-4k > -8\nk < 2\n\n答：k的取值范围是 k<2。\n\n【注意】\n本题二次项系数a=1≠0,自动满足\"是二次方程\"的条件。\n若二次项系数含参数,还需单独讨论!\n例3 (含参分类讨论)\n\n题目：已知关于x的方程 (m-1)x²+2mx+m+3=0。\n(1) 若方程有实数根,求m的取值范围;\n(2) 若方程有两个相等的实数根,求m的值。\n\n【第(1)问】\n分两种情况:\n\n情况一：方程是一元二次方程\n此时 m-1≠0,即 m≠1\n且 Δ≥0\n\nΔ = (2m)²-4(m-1)(m+3)\n  = 4m²-4(m²+2m-3)\n  = 4m²-4m²-8m+12\n  = -8m+12\n\n由 -8m+12≥0 得：\nm ≤ 3/2\n\n结合 m≠1,得：m≤3/2 且 m≠1\n\n情况二：方程是一元一次方程\n此时 m-1=0,即 m=1\n方程变为：2x+4=0 → x=-2 (有实根)\n\n综合两种情况：\nm≤3/2\n\n【第(2)问】\n∵ 有两个相等的实数根\n∴ 必是一元二次方程,且 Δ=0\n\n由 m≠1 且 -8m+12=0\n得：m = 3/2\n\n检验：m=3/2 时,方程为\n(1/2)x²+3x+9/2=0\n即 x²+6x+9=0\nΔ=36-36=0 ✓\n\n答：m=3/2\n例4 (逆用判别式)\n\n题目：已知方程 x²-4x+m=0 的一个根是1,\n求另一个根及m的值。\n\n【方法一】(代入法)\n将 x=1 代入方程：\n1-4+m=0\nm=3\n\n方程变为 x²-4x+3=0\n因式分解：(x-1)(x-3)=0\n另一根为 x=3\n\n【方法二】(韦达定理)\n设两根为 x₁=1, x₂\n由韦达定理：x₁+x₂=4\n∴ 1+x₂=4\n∴ x₂=3\n\n由 x₁·x₂=m 得：m=3\n\n【验证】\nm=3 时,Δ=16-12=4>0 ✓\n(有两个不相等实根,符合题意)\n🎯 解题策略\n【策略1：判别式三部曲】\nStep 1: 确认是一元二次方程 (a≠0)\nStep 2: 写出Δ=b²-4ac\nStep 3: 根据题目要求确定Δ的符号\n\n【策略2：含参问题必做】\n① 先讨论是否为二次方程 (二次项系数≠0)\n② 再讨论Δ与0的关系\n\n【策略3：特殊值检验】\n求出参数后,代回原方程验证:\n- Δ的符号是否正确\n- 是否满足\"是二次方程\"\n\n【策略4：几何直观辅助】\n可在草稿纸上画抛物线示意图:\nΔ>0 → 与x轴两个交点\nΔ=0 → 顶点在x轴上\nΔ<0 → 与x轴无交点\n⚠️ 常见错误\n【错误1：忘记分类讨论】\n题目：方程 (m-2)x²+3x-1=0 有实根,求m范围\n\n学生错解：\n直接用 Δ≥0\n9+4(m-2)≥0\nm≥-1/4\n\n正确解法：\n需分两类:\n① m≠2时是二次方程,用Δ≥0 → m≥-1/4\n② m=2时是一次方程 3x-1=0,有根\n∴ m≥-1/4\n\n【错误2：Δ计算错误】\n最常见: 4ac的符号搞错\n方程 x²+2x-3=0\nΔ = 4-4×1×(-3)\n学生常算成: 4-12=-8 ✗\n正确: 4-(-12)=4+12=16 ✓\n\n【错误3：根的情况表述不准确】\nΔ=0时,学生常说\"有一个实根\" ✗\n正确说法:\n- \"有两个相等的实数根\"\n- \"有唯一的实数根\"\n- \"有一个二重根\"\n\n【错误4：逆向应用时遗漏验证】\n已知有实根求参数,求出m后未验证是否为二次方程!\n\n【记忆口诀】\n\"判别式,要三看:\n 二次项,不为零;\n Δ符号,定根情;\n 含参数,需讨论!\"",
      "metadata": {
        "type": "theory",
        "difficulty": "advanced",
        "keywords": [
          "实数根",
          "根的个数",
          "一元二次方程",
          "解方程",
          "抛物线交点",
          "因式分解",
          "韦达定理",
          "抛物线",
          "顶点",
          "判别式",
          "二次项系数",
          "Δ",
          "b²-4ac"
        ],
        "topics": [
          "根的理论"
        ],
        "formulas": [
          "Δ=b²-4ac",
          "Δ>0两根",
          "Δ=0一根",
          "Δ<0无根"
        ],
        "related_topics": [
          "公式法",
          "二次函数图像"
        ],
        "question": null,
        "line_range": "598-823"
      }
    },
    {
      "chunk_id": "concept_09_vieta_theorem",
      "source_file": "知识点精讲.md",
      "title": "考点9: 根与系数的关系（韦达定理）",
      "content": "考点9: 根与系数的关系（韦达定理）⭐⭐⭐\n📘 韦达定理\n【核心定理】\n若 x₁, x₂ 是一元二次方程 ax²+bx+c=0 (a≠0) 的两个实数根,\n则:\n\n    x₁ + x₂ = -b/a     (两根之和)\n\n    x₁ · x₂ = c/a      (两根之积)\n\n【使用前提】(非常重要!)\n1. 方程必须是一元二次方程 (a≠0)\n2. 方程必须有实数根 (Δ≥0)\n\n【定理来源】\n由法国数学家韦达(François Viète, 1540-1603)发现��\n🎓 韦达定理证明\n【方法一】(根的定义推导)\n已知 x₁, x₂ 是 ax²+bx+c=0 的根\n\n由求根公式:\nx₁ = (-b+√Δ)/(2a)\nx₂ = (-b-√Δ)/(2a)\n\n计算两根之和:\nx₁+x₂ = [(-b+√Δ) + (-b-√Δ)] / (2a)\n      = -2b/(2a)\n      = -b/a  ✓\n\n计算两根之积:\nx₁·x₂ = [(-b+√Δ)/(2a)] · [(-b-√Δ)/(2a)]\n      = [(-b)²-(√Δ)²] / (4a²)\n      = (b²-Δ) / (4a²)\n      = [b²-(b²-4ac)] / (4a²)\n      = 4ac / (4a²)\n      = c/a ✓\n\n【方法二】(因式分解反推)\n若 x₁, x₂ 是方程的根,则方程可因式分解为:\na(x-x₁)(x-x₂) = 0\n\n展开:\na[x²-(x₁+x₂)x+x₁x₂] = 0\nax² - a(x₁+x₂)x + ax₁x₂ = 0\n\n对比原方程 ax²+bx+c=0:\n\na(x₁+x₂) = b → x₁+x₂ = -b/a\nax₁x₂ = c → x₁x₂ = c/a\n证毕!\n\n#### 📝 典型例题\n\n**例1 (直接应用)**\n```markdown\n题目：已知方程 x²-5x+6=0 的两根为 x₁, x₂,\n不解方程,求下列各式的值:\n(1) x₁+x₂\n(2) x₁·x₂\n(3) x₁²+x₂²\n(4) (x₁-x₂)²\n\n【解答】\n原方程: x²-5x+6=0\n识别: a=1, b=-5, c=6\n\n先验证有实根:\nΔ = 25-24 = 1 > 0 ✓ (可以使用韦达定理)\n\n(1) x₁+x₂ = -b/a = 5/1 = 5\n\n(2) x₁·x₂ = c/a = 6/1 = 6\n\n(3) x₁²+x₂² = ?\n    【技巧】配方法\n    x₁²+x₂² = (x₁+x₂)² - 2x₁x₂\n            = 5² - 2×6\n            = 25 - 12\n            = 13\n\n(4) (x₁-x₂)² = ?\n    【技巧】完全平方展开\n    (x₁-x₂)² = x₁²+x₂²-2x₁x₂\n             = (x₁+x₂)² - 2x₁x₂ - 2x₁x₂\n             = (x₁+x₂)² - 4x₁x₂\n             = 25 - 24\n             = 1\n    \n    【另一种方法】\n    (x₁-x₂)² = (x₁+x₂)² - 4x₁x₂\n             = 5² - 4×6\n             = 1\n\n【验证】(解出根检验)\nx²-5x+6=0 → (x-2)(x-3)=0\nx₁=2, x₂=3\n- 和: 2+3=5 ✓\n- 积: 2×3=6 ✓\n- 平方和: 4+9=13 ✓\n- 差平方: (2-3)²=1 ✓\n\n例2 (已知一根求另一根)\n\n题目：已知方程 2x²-7x+3=0 的一个根是 1/2,\n不解方程,求另一个根。\n\n【解答】\n设另一根为 x₂\n\n方法一 (韦达定理):\na=2, b=-7, c=3\n由 x₁·x₂ = c/a\n(1/2)·x₂ = 3/2\nx₂ = 3\n\n方法二 (两根和):\n由 x₁+x₂ = -b/a\n1/2 + x₂ = 7/2\nx₂ = 3\n\n【验证】\n代入 x=3: 2×9-21+3 = 18-18 = 0 ✓\n例3 (构造方程)\n\n题目：已知两数之和为5,积为6,求这两个数。\n\n【解答】\n设这两个数为 x₁, x₂\n\n根据题意:\nx₁+x₂ = 5\nx₁·x₂ = 6\n\n【关键思想】\n这两个数恰好是某个一元二次方程的两根!\n\n由韦达定理逆用:\n若 x₁+x₂=-b/a, x₁x₂=c/a\n取 a=1,则:\n- b/a = 5 → b=-5\nc/a = 6 → c=6\n\n∴ 所求方程为: x²-5x+6=0\n\n解方程:\n(x-2)(x-3)=0\nx₁=2, x₂=3\n\n答: 这两个数是2和3。\n\n【通用结论】\n若两数和为 p,积为 q,\n则这两数是方程 x²-px+q=0 的两根。\n(前提: p²-4q≥0)\n例4 (根的符号判断)\n\n题目：已知关于x的方程 x²-(2k-1)x+k²=0 有两个实数根,\n且两根都是正数,求k的取值范围。\n\n【详解】\n设两根为 x₁, x₂\n\n条件1: 有两个实数根\n∴ Δ≥0\nΔ = [-(2k-1)]² - 4k²\n  = (2k-1)² - 4k²\n  = 4k²-4k+1 - 4k²\n  = -4k+1\n\n由 -4k+1≥0 得: k≤1/4  ···①\n\n条件2: 两根都是正数\n需满足:\n- x₁+x₂ > 0  (两根和为正)\n- x₁·x₂ > 0  (两根积为正)\n\n由韦达定理:\nx₁+x₂ = 2k-1\nx₁·x₂ = k²\n\n由 x₁+x₂>0: 2k-1>0 → k>1/2  ···②\n由 x₁·x₂>0: k²>0 → k≠0     ···③\n\n综合①②③:\nk>1/2 且 k≤1/4 → ∅ (无解)\n\n【结论】\n不存在满足条件的k值。\n\n【分析】\n①要求 k≤1/4,②要求 k>1/2,\n两者矛盾,所以无解。\n\n【易错点】\n很多学生只考虑条件2,忘记验证Δ≥0!\n例5 (根的符号分布综合)\n\n题目：已知方程 x²+2x+k-1=0 的两根异号,求k的取值范围。\n\n【解答】\n设两根为 x₁, x₂\n\n\"两根异号\"等价于:\nx₁·x₂ < 0  (一正一负,积为负)\n\n由韦达定理: x₁·x₂ = k-1\n\n∴ k-1 < 0\nk < 1  ···①\n\n同时需要保证有实根:\nΔ = 4-4(k-1) ≥ 0\n4-4k+4 ≥ 0\n8-4k ≥ 0\nk ≤ 2  ···②\n\n综合①②: k < 1\n\n【验证】\n取 k=0 时,方程为 x²+2x-1=0\nΔ=4+4=8>0 ✓\nx = (-2±√8)/2 = -1±√2\nx₁≈0.41>0, x₂≈-2.41<0 ✓ 异号\n\n【推广结论】\n一元二次方程两根符号判断:\n┌────────────┬──────────────┐\n│   条件     │   结论       │\n├────────────┼──────────────┤\n│ x₁x₂>0 且  │ 两根同号且   │\n│ x₁+x₂>0    │ 都为正       │\n├────────────┼──────────────┤\n│ x₁x₂>0 且  │ 两根同号且   │\n│ x₁+x₂<0    │ 都为负       │\n├────────────┼──────────────┤\n│ x₁x₂<0     │ 两根异号     │\n└────────────┴──────────────┘\n🎯 韦达定理拓展公式\n【常用变形公式】(务必掌握!)\n\n已知 x₁+x₂=p, x₁x₂=q\n\n1. x₁²+x₂² = (x₁+x₂)² - 2x₁x₂ = p²-2q\n\n2. (x₁-x₂)² = (x₁+x₂)² - 4x₁x₂ = p²-4q\n\n3. |x₁-x₂| = √[(x₁+x₂)²-4x₁x₂] = √(p²-4q)\n\n4. x₁³+x₂³ = (x₁+x₂)³ - 3x₁x₂(x₁+x₂) = p³-3pq\n\n5. 1/x₁ + 1/x₂ = (x₁+x₂)/(x₁x₂) = p/q\n\n6. x₁/x₂ + x₂/x₁ = (x₁²+x₂²)/(x₁x₂) = (p²-2q)/q\n\n【推导技巧】\n核心思想: 将目标式子配凑成只含 (x₁+x₂) 和 (x₁x₂) 的形式。\n\n【示例】求 x₁²+x₂²\n目标式 = x₁²+x₂²\n配方 = (x₁+x₂)² - 2x₁x₂  (减去多配的2x₁x₂)\n代入 = p² - 2q\n🎯 解题策略\n【策略1：韦达定理使用检查清单】\n使用前必做三件事:\n□ 确认是一元二次方程 (a≠0)\n□ 计算Δ并验证 Δ≥0\n□ 正确识别 a, b, c (含符号)\n\n【策略2：根的符号判断口诀】\n\"积定和,和定正负\"\n- x₁x₂>0 → 同号\n  - x₁+x₂>0 → 同正\n  - x₁+x₂<0 → 同负\n- x₁x₂<0 → 异号\n\n【策略3：构造方程法】\n已知两数的和与积 → 构造 x²-px+q=0\n\n【策略4：整体代入思想】\n看到 x₁+x₂, x₁x₂ → 直接用韦达定理,不要解方程!\n⚠️ 常见错误\n【错误1：忘记验证Δ≥0】\n题目说\"方程的两根\",学生直接用韦达定理 ✗\n正确: 必须先验证方程有实根!\n\n【错误2：符号错误】\n方程 x²-3x+2=0\n学生写: x₁+x₂ = -3 ✗\n正确: x₁+x₂ = -b/a = -(-3)/1 = 3 ✓\n\n记住: 是 -b/a,不是 b/a!\n\n【错误3：系数识别错】\n方程 3x²-6x+2=0\n学生写: x₁x₂ = 2 ✗\n正确: x₁x₂ = c/a = 2/3 ✓\n\n【错误4：韦达定理反用时忘记验证】\n已知两数和为3,积为10,求这两数\n学生列方程: x²-3x+10=0\n解得: x=(3±√(-31))/2 (无实根!)\n\n正确做法:\n先验证 Δ=9-40=-31<0\n∴ 不存在满足条件的两个实数!\n\n【错误5：含参问题遗漏讨论】\n方程 (m-1)x²+2x+1=0 有两根 x₁,x₂,\n且 x₁+x₂=3,求m\n学生直接写: -2/(m-1)=3 → m=-1/3 ✗\n\n正确:\n① 需 m-1≠0,即 m≠1\n② 需 Δ≥0\n③ 再用韦达定理\n\n【记忆口诀】\n\"韦达定理虽然好,\n 三个前提要记牢:\n 二次方程是前提,\n 有实根才能套公式,\n 符号系数要认清!\"",
      "metadata": {
        "type": "theory",
        "difficulty": "advanced",
        "keywords": [
          "x₁+x₂=-b/a",
          "配方法",
          "实数根",
          "解方程",
          "根与系数",
          "一元二次方程",
          "两根之积",
          "x₁·x₂=c/a",
          "韦达定理",
          "两根之和",
          "因式分解",
          "求根公式"
        ],
        "topics": [
          "根的理论"
        ],
        "formulas": [
          "x₁+x₂=-b/a",
          "x₁·x₂=c/a",
          "x₁²+x₂²=(x₁+x₂)²-2x₁x₂"
        ],
        "related_topics": [
          "判别式",
          "根的符号判断",
          "构造方程"
        ],
        "question": null,
        "line_range": "824-1147"
      }
    },
    {
      "chunk_id": "faq_01_why_completing_square",
      "source_file": "问答FAQ.md",
      "title": "Q1: 为什么要学配方法?",
      "content": "Q1: 为什么要学配方法?公式法不是万能的吗?\n【学生困惑】\n\"公式法可以解所有一元二次方程,\n为什么还要学配方法这么麻烦的方法?\"\n\n【深度解答】\n配方法有四大不可替代的作用:\n\n1. 理论基础 ⭐⭐⭐⭐⭐\n   - 求根公式就是用配方法推导出来的!\n   - 不学配方法,就不知道公式从何而来\n   \n2. 函数应用 ⭐⭐⭐⭐⭐\n   - 二次函数求最值必用配方法\n   - y=ax²+bx+c 配方成 y=a(x-h)²+k\n   - 立即看出顶点坐标 (h,k)\n   \n3. 数学思想 ⭐⭐⭐⭐\n   - 体现\"化归思想\"(复杂→简单)\n   - 渗透\"换元思想\"(整体代换)\n   \n4. 后续学习 ⭐⭐⭐⭐\n   - 高中解析几何配方求圆心\n   - 大学微积分配方求积分\n\n【类比理解】\n学开车为什么要学手动挡?\n自动挡不是更方便吗?\n\n因为:\n- 手动挡让你理解汽车原理\n- 应急情况下手动挡更可控\n- 是成为高级驾驶员的基础\n\n配方法也是如此!",
      "metadata": {
        "type": "faq",
        "difficulty": "basic",
        "keywords": [
          "公式法",
          "配方法",
          "一元二次方程",
          "为什么学",
          "求最值",
          "顶点",
          "理论基础",
          "二次函数",
          "求根公式"
        ],
        "topics": [
          "学习困惑",
          "配方法意义"
        ],
        "formulas": [
          "- 二次函数求最值必用配方法",
          "- 不学配方法,就不知道公式从何而来",
          "- 立即看出顶点坐标 (h,k)",
          "- 高中解析几何配方求圆心",
          "- 大学微积分配方求积分"
        ],
        "related_topics": [],
        "question": "为什么要学配方法?公式法不是万能的吗?",
        "line_range": "2-36"
      }
    },
    {
      "chunk_id": "faq_02_equation_vs_function",
      "source_file": "问答FAQ.md",
      "title": "Q2: 一元二次方程和二次函数的关系",
      "content": "Q2: 一元二次方程和二次函数有什么关系?\n【概念辨析】\n\n┌───────────────────┬───────────────────┐\n│   一元二次方程     │   二次函数        │\n├───────────────────┼───────────────────┤\n│ ax²+bx+c=0         │ y=ax²+bx+c        │\n├───────────────────┼───────────────────┤\n│ 研究\"根\"(解)       │ 研究\"函数关系\"    │\n├───────────────────┼───────────────────┤\n│ 求满足方程的x值    │ 研究y随x的变化    │\n└───────────────────┴───────────────────┘\n\n【核心联系】\n\n1. 方程的根 = 函数图像与x轴交点的横坐标\n   \n   ax²+bx+c=0 的根\n   ↕\n   y=ax²+bx+c 图像与x轴交点\n\n2. 判别式Δ的几何意义\n   \n   Δ>0 ↔ 抛物线与x轴有2个交点\n   Δ=0 ↔ 抛物线与x轴有1个交点(相切)\n   Δ<0 ↔ 抛物线与x轴无交点\n\n3. 根与系数关系的函数解释\n   \n   x₁+x₂=-b/a ↔ 对称轴 x=-b/(2a)\n   (两根的中点就是对称轴!)\n\n【图示】\n        y\n        │     ╱╲\n        │    ╱  ╲\n    ────┼───○────○──── x\n        │  x₁    x₂\n        │\n   这两个交点的横坐标\n   就是方程的两个根!",
      "metadata": {
        "type": "faq",
        "difficulty": "medium",
        "keywords": [
          "对称轴",
          "一元二次方程",
          "根与系数",
          "根",
          "抛物线",
          "二次函数",
          "判别式",
          "关系",
          "交点"
        ],
        "topics": [
          "概念辨析",
          "函数与方程"
        ],
        "formulas": [
          "Δ<0 ↔ 抛物线与x轴无交点",
          "(两根的中点就是对称轴!)",
          "1. 方程的根 = 函数图像与x轴交点的横坐标",
          "Δ>0 ↔ 抛物线与x轴有2个交点",
          "x₁+x₂=-b/a ↔ 对称轴 x=-b/(2a)"
        ],
        "related_topics": [
          "判别式",
          "图像交点"
        ],
        "question": "一元二次方程和二次函数有什么关系?",
        "line_range": "37-77"
      }
    },
    {
      "chunk_id": "faq_03_discriminant_vs_vieta",
      "source_file": "问答FAQ.md",
      "title": "Q3: 判别式和韦达定理的使用场景",
      "content": "Q3: 什么时候用判别式,什么时候用韦达定理?\n【使用场景对比】\n\n┌──────────────┬──────────────┬──────────────┐\n│   需求       │   用判别式Δ  │   用韦达定理 │\n├──────────────┼──────────────┼──────────────┤\n│ 判断根的个数 │   ✓          │   ✗          │\n├──────────────┼──────────────┼──────────────┤\n│ 判断根的符号 │   ✗          │   ✓          │\n├──────────────┼──────────────┼──────────────┤\n│ 求两根之和   │   ✗          │   ✓          │\n├──────────────┼──────────────┼──────────────┤\n│ 求两根之积   │   ✗          │   ✓          │\n├──────────────┼──────────────┼──────────────┤\n│ 不解方程求   │   ✗          │   ✓          │\n│ x₁²+x₂²等    │              │              │\n└──────────────┴──────────────┴──────────────┘\n\n【记忆口诀】\n\"判别式看有无,\n 韦达看关系!\"\n\n【综合使用】\n很多题目需要两者结合:\n\n例: 方程有两个正根,求参数范围\nStep 1: 用Δ≥0 (保证有实根)\nStep 2: 用韦达定理 (保证都为正)\n        x₁+x₂>0\n        x₁x₂>0",
      "metadata": {
        "type": "faq",
        "difficulty": "medium",
        "keywords": [
          "根的个数",
          "两根之积",
          "韦达定理",
          "两根之和",
          "判别式",
          "解方程",
          "根的关系",
          "使用场景"
        ],
        "topics": [
          "解题策略"
        ],
        "formulas": [
          "x₁+x₂>0",
          "x₁x₂>0"
        ],
        "related_topics": [],
        "question": "什么时候用判别式,什么时候用韦达定理?",
        "line_range": "78-107"
      }
    },
    {
      "chunk_id": "faq_04_one_or_two_roots",
      "source_file": "问答FAQ.md",
      "title": "Q4: 为什么有些方程有两个根,有些只有一个?",
      "content": "Q4: 为什么有些方程有两个根,有些只有一个?\n【学生困惑】\n\"老师说 x²-4=0 有两个根 x=±2,\n但 x²=0 只有一个根 x=0,为什么?\"\n\n【正确理解】\n\n情况1: x²-4=0\nΔ = 0-4×1×(-4) = 16 > 0\n∴ 有两个不相等的实数根\nx₁=2, x₂=-2\n\n情况2: x²=0\n即 x²+0x+0=0\nΔ = 0-0 = 0\n∴ 有两个相等的实数根\nx₁=x₂=0 (重根)\n\n【术语辨析】\n- \"一个根\"(口语) = \"两个相等的根\"(数学语言)\n- 专业表述: \"方程有二重根x=0\"\n\n【类比】\n就像问\"班上有几个人叫张伟?\"\n如果有两个张伟,不能说\"有一个人\",\n应该说\"有两个同名的人\"。\n\n方程 x²=0 也是:\n有两个相等的根,都是0。",
      "metadata": {
        "type": "faq",
        "difficulty": "basic",
        "keywords": [
          "实数根",
          "根的个数",
          "两个相等的根",
          "重根",
          "Δ=0"
        ],
        "topics": [
          "概念辨析"
        ],
        "formulas": [
          "方程 x²=0 也是:",
          "Δ = 0-4×1×(-4) = 16 > 0",
          "Δ = 0-0 = 0",
          "x₁=2, x₂=-2",
          "即 x²+0x+0=0"
        ],
        "related_topics": [],
        "question": "为什么有些方程有两个根,有些只有一个?",
        "line_range": "108-136"
      }
    },
    {
      "chunk_id": "faq_05_growth_rate",
      "source_file": "问答FAQ.md",
      "title": "Q5: 增长率问题为什么列二次方程?",
      "content": "Q5: 增长率问题为什么要列一元二次方程?\n【情境】\n原价100元,连续涨价两次后变为121元,\n设每次涨价率为x,为什么列方程是:\n100(1+x)²=121 ?\n\n【逐步分析】\n\n第一次涨价后:\n原价×(1+涨价率)\n= 100×(1+x)\n= 100(1+x) 元\n\n第二次涨价后:\n第一次涨价后的价格×(1+涨价率)\n= 100(1+x)×(1+x)\n= 100(1+x)² 元\n\n最终价格为121元:\n100(1+x)² = 121\n\n【关键点】\n\"连续两次,涨价率相同\"\n→ 相当于在第一次的基础上再涨\n→ 第二次是\"增长的增长\"\n→ 形成 (1+x)² 的平方项\n\n【推广】\n- 连续n次增长 → (1+x)ⁿ\n- 连续n次降低 → (1-x)ⁿ\n\n【常见错误】\n学生常列成: 100+100x+100x=121 ✗\n(错误原因:把\"倍数增长\"当成\"加法增长\")\n\n正确思维:\n增长率是\"乘法模型\",不是\"加法模型\"!",
      "metadata": {
        "type": "faq",
        "difficulty": "medium",
        "keywords": [
          "一元二次方程",
          "乘法模型",
          "增长率",
          "连续增长",
          "(1+x)²",
          "实际应用"
        ],
        "topics": [
          "实际应用",
          "建模思维"
        ],
        "formulas": [
          "→ 形成 (1+x)² 的平方项",
          "第一次涨价后的价格×(1+涨价率)",
          "= 100(1+x)×(1+x)",
          "= 100×(1+x)",
          "学生常列成: 100+100x+100x=121 ✗"
        ],
        "related_topics": [],
        "question": "增长率问题为什么要列一元二次方程?",
        "line_range": "137-173"
      }
    },
    {
      "chunk_id": "faq_06_learning_strategy",
      "source_file": "问答FAQ.md",
      "title": "学习策略与规划",
      "content": "4.2 学习策略\n知识点关联图谱\n【一元二次方程知识体系】\n\n          ┌─ 整式运算 ─────────┐\n          │                    │\n          ↓                    ↓\n    ┌───────────┐        ┌──────────┐\n    │ 完全平方  │        │ 因式分解 │\n    │   公式    │        │          │\n    └─────┬─────┘        └────┬─────┘\n          │                   │\n          └────┬──────────────┘\n               ↓\n        ┌────────────┐\n        │ 一元二次   │ ← 你在这里!\n        │   方程     │\n        └──────┬─────┘\n               │\n       ┌───────┼───────┐\n       ↓       ↓       ↓\n   ┌───────┐ ┌────┐ ┌──────┐\n   │二次函数│ │不等式│ │实际应用│\n   └───────┘ └────┘ └──────┘\n       │\n       ↓\n   ┌───────────┐\n   │高中: 韦达定理│\n   │推广、根的分布│\n   └───────────┘\n\n【学习路径建议】\n\n阶段1: 前置知识 (必须掌握)\n✓ 完全平方公式\n✓ 平方差公式  \n✓ 十字相乘法\n✓ 提公因式\n\n阶段2: 核心内容 (本章重点)\n✓ 定义与解法\n✓ 判别式\n✓ 韦达定理\n\n阶段3: 后继应用 (拓展)\n✓ 二次函数配方求顶点\n✓ 一元二次不等式\n✓ 圆的方程\n难度分级学习建议\n【Level 1: 基础入门】(60分水平)\n\n必会技能:\n□ 识别一元二次方程\n□ 用直接开平方法解简单方程\n□ 用因式分解法解可分解的方程\n□ 用公式法解数字系数方程\n\n练习重点:\n- 每天10道基础计算题\n- 重点: 准确率>错题量\n\n推荐题型:\nx²=4, (x-1)²=9\nx²-5x=0, x²-4=0\nx²-3x+2=0 (公式法)\n\n───────────────────────────\n\n【Level 2: 中等巩固】(75分水平)\n\n必会技能:\n□ 熟练使用判别式\n□ 应用韦达定理求值\n□ 解简单的含参方程\n□ 列方程解实际应用题\n\n练习重点:\n- 专项突破判别式与韦达定理\n- 每周2-3道应用题\n\n典型题型:\n- 已知一根求另一根\n- 不解方程求x₁²+x₂²\n- 判断根的情况\n- 增长率/几何面积问题\n\n───────────────────────────\n\n【Level 3: 高阶拓展】(90分水平)\n\n必会技能:\n□ 含参方程的分类讨论\n□ 根的符号/分布问题\n□ 韦达定理逆用构造方程\n□ 复杂实际问题建模\n\n练习重点:\n- 攻克压轴题\n- 多解法对比训练\n\n典型题型:\n- 两根都大于某数,求参数\n- 已知两数和积,反求两数\n- 动点问题列方程求最值\n- 二次方程与函数综合\n\n───────────────────────────\n\n【Level 4: 竞赛冲刺】(冲击满分)\n\n拓展内容:\n□ 韦达定理的n次推广\n□ 整数根/有理根问题\n□ 方程根的估算技巧\n□ 构造方程巧解问题\n\n建议:\n- 研究中考压轴真题\n- 学习竞赛专题\n- 多参加数学建模活动\n学习时间分配建议\n【标准学习周期: 3-4周】\n\nWeek 1: 定义与基础解法\n- Day 1-2: 定义、一般形式\n- Day 3-4: 直接开平方法、因式分解法\n- Day 5: 配方法\n- Day 6-7: 公式法 + 周测\n\nWeek 2: 根的理论\n- Day 1-2: 判别式及应用\n- Day 3-4: 韦达定理及应用\n- Day 5: 判别式与韦达综合\n- Day 6-7: 专项练习 + 周测\n\nWeek 3: 实际应用\n- Day 1-2: 增长率问题\n- Day 3-4: 几何问题\n- Day 5: 其他应用题\n- Day 6-7: 应用题专练 + 周测\n\nWeek 4: 综合提高\n- Day 1-3: 含参问题、分类讨论\n- Day 4-5: 综合练习\n- Day 6-7: 模拟考试 + 错题复盘\n\n【每日学习时间建议】\n- 基础: 30-45分钟\n- 中等: 45-60分钟  \n- 冲刺: 60-90分钟\n\n【黄金学习法则】\n\"2:3:5\"原则\n- 20%时间学新知识\n- 30%时间做专项练习\n- 50%时间刷题+总结\n常见学习误区\n【误区1: 只背公式,不理解原理】\n❌ 死记硬背 x=(-b±√Δ)/(2a)\n✓ 理解配方法推导过程\n✓ 知道公式适用条件\n\n【误区2: 只做计算题,不做应用题】\n❌ \"应用题太难,先把计算练好\"\n✓ 从简单应用题入手\n✓ 掌握建模思路比算对数字更重要\n\n【误区3: 忽视检验步骤】\n❌ 解完就算完事\n✓ 养成代入检验的习惯\n✓ 应用题必须检验实际意义\n\n【误区4: 题海战术,不总结】\n❌ 埋头做100道题\n✓ 做30道题+10道错题反思\n✓ 总结题型特征和解题套路\n\n【误区5: 眼高手低】\n❌ \"这题我会,不用做了\"\n✓ 会想≠会做≠做对\n✓ 简单题也要动笔算一遍",
      "metadata": {
        "type": "strategy",
        "difficulty": "basic",
        "keywords": [
          "公式法",
          "配方法",
          "时间规划",
          "解方程",
          "一元二次方程",
          "直接开平方",
          "学习路径",
          "增长率",
          "整数根",
          "韦达定理",
          "顶点",
          "难度分级",
          "知识图谱",
          "判别式",
          "因式分解",
          "学习误区"
        ],
        "topics": [
          "学习方法"
        ],
        "formulas": [
          "阶段1: 前置知识 (必须掌握)",
          "- 判断根的情况",
          "- 两根都大于某数,求参数",
          "- Day 1-2: 判别式及应用",
          "- 基础: 30-45分钟"
        ],
        "related_topics": [],
        "question": null,
        "line_range": "174-355"
      }
    },
    {
      "chunk_id": "method_01_decision_tree",
      "source_file": "解题方法库.md",
      "title": "方法选择决策树",
      "content": "方法选择决策树\n【一元二次方程解法选择流程图】\n\n       拿到方程\n          ↓\n    观察方程特征\n          ↓\n    ┌─────┴─────┐\n    ↓           ↓\n【有明显因式】 【无明显因式】\n    ↓           ↓\n 因式分解法   ┌──┴──┐\n              ↓      ↓\n          【简单】 【复杂】\n              ↓      ↓\n          公式法  配方法\n              ↓\n          【特殊形式】\n              ↓\n    ┌─────┬────┬─────┐\n    ↓     ↓    ↓     ↓\n 【缺b】【缺c】【完全平方】【题目要求】\n    ↓     ↓    ↓     ↓\n直接开平方 因式分解 直接开平方 按要求选择\n解法优先级排序\n【推荐优先级】(从高到低)\n\n1. 直接开平方法 ⭐⭐⭐⭐⭐\n   适用: x²=a 或 (x+m)²=n\n   优点: 最快,不易出错\n   \n2. 因式分解法 ⭐⭐⭐⭐\n   适用: 易分解的整系数方程\n   优点: 快速,结果为有理数\n   \n3. 公式法 ⭐⭐⭐⭐⭐\n   适用: 所有方程(万能)\n   优点: 通用,步骤规范\n   \n4. 配方法 ⭐⭐⭐\n   适用: 推导、求最值\n   缺点: 步骤多,易算错\n\n【实战建议】\n考试做题顺序:\n① 先看能否直接开平方/因式分解 (1分钟)\n② 不行就用公式法 (最稳妥)",
      "metadata": {
        "type": "strategy",
        "difficulty": "medium",
        "keywords": [
          "公式法",
          "配方法",
          "决策树",
          "直接开平方",
          "一元二次方程",
          "方法选择",
          "因式分解"
        ],
        "topics": [
          "解题策略"
        ],
        "formulas": [
          "② 不行就用公式法 (最稳妥)",
          "适用: 所有方程(万能)",
          "① 先看能否直接开平方/因式分解 (1分钟)",
          "适用: x²=a 或 (x+m)²=n",
          "【推荐优先级】(从高到低)"
        ],
        "related_topics": [],
        "question": null,
        "line_range": "2-48"
      }
    },
    {
      "chunk_id": "method_02_completing_square_steps",
      "source_file": "解题方法库.md",
      "title": "配方法完整步骤",
      "content": "3.2 配方法完整步骤\n【配方法标准五步】\n\n┌────────────────────────────────┐\n│ Step 1: 化二次项系数为1        │\n│         (两边同除以a)          │\n├────────────────────────────────┤\n│ Step 2: 移项                   │\n│         (含x项在左,常数在右)   │\n├────────────────────────────────┤\n│ Step 3: 配方                   │\n│         (加上一次项系数一半的  │\n│          平方,两边都加)        │\n├────────────────────────────────┤\n│ Step 4: 化为完全平方式         │\n│         (x+m)²=n               │\n├────────────────────────────────┤\n│ Step 5: 开平方求解             │\n│         x+m=±√n                │\n└────────────────────────────────┘\n\n【配方数快速确定】\n方程形式: x²+px=q\n配方数 = (p/2)²\n\n【示例】\nx²+6x=7\n→ 配方数 = (6/2)² = 9\n→ x²+6x+9 = 7+9\n→ (x+3)² = 16\n→ x+3 = ±4\n→ x₁=1, x₂=-7",
      "metadata": {
        "type": "method",
        "difficulty": "medium",
        "keywords": [
          "移项",
          "配方法",
          "配方数",
          "步骤",
          "二次项系数",
          "一次项系数",
          "完全平方式"
        ],
        "topics": [
          "解题方法"
        ],
        "formulas": [
          "配方数=(p/2)²"
        ],
        "related_topics": [],
        "question": null,
        "line_range": "50-81"
      }
    },
    {
      "chunk_id": "method_03_problem_recognition",
      "source_file": "解题方法库.md",
      "title": "题型识别技巧",
      "content": "3.3 题型识别技巧\n识别清单\n【看到这些特征 → 首选对应方法】\n\n┌──────────────────┬─────────────────┐\n│   题目特征       │   首选方法      │\n├──────────────────┼─────────────────┤\n│ x²=5             │ 直接开平方      │\n│ (x-2)²=9         │ 直接开平方      │\n│ 3x²-12=0         │ 直接开平方      │\n├──────────────────┼─────────────────┤\n│ x²-5x=0          │ 因式分解(提公因)│\n│ x²-4=0           │ 因式分解(平方差)│\n│ x²-5x+6=0        │ 因式分解(十字)  │\n├──────────────────┼─────────────────┤\n│ 要求\"用配方法\"   │ 配方法          │\n│ 求最值           │ 配方法          │\n│ 推导公式         │ 配方法          │\n├──────────────────┼─────────────────┤\n│ 分数系数         │ 公式法          │\n│ 无法因式分解     │ 公式法          │\n│ 不确定用哪个     │ 公式法(万能)    │\n└──────────────────┴─────────────────┘\n识别口诀\n【七字诀】\n\"缺项直开方,\n 易分就分解,\n 不会用公式,\n 配方求最值!\"\n\n【实战示例】\n\n见到: x²-16=0\n想到: 平方差公式 → (x+4)(x-4)=0\n\n见到: x²+x-2=0  \n想到: 十字相乘 1  -1\n                1   2\n      → (x-1)(x+2)=0\n\n见到: 2x²-5x+1=0\n想到: 系数不好分解 → 公式法\n\n见到: 求 x²-6x+11 的最小值\n想到: 配方 → (x-3)²+2\n3.4 检验方法",
      "metadata": {
        "type": "strategy",
        "difficulty": "medium",
        "keywords": [
          "公式法",
          "方法匹配",
          "配方法",
          "直接开平方",
          "题型识别",
          "因式分解",
          "特征识别"
        ],
        "topics": [
          "解题策略"
        ],
        "formulas": [
          "见到: x²-16=0",
          "→ (x-1)(x+2)=0",
          "想到: 平方差公式 → (x+4)(x-4)=0",
          "见到: x²+x-2=0",
          "见到: 2x²-5x+1=0"
        ],
        "related_topics": [],
        "question": null,
        "line_range": "82-127"
      }
    },
    {
      "chunk_id": "method_04_verification",
      "source_file": "解题方法库.md",
      "title": "检验方法",
      "content": "检验步骤\n【标准检验流程】\n\n方法一: 代入验证 ⭐⭐⭐⭐⭐ (最常用)\nStep 1: 将求得的根代入原方程左边\nStep 2: 计算结果是否等于0\nStep 3: 若等于0,则验证通过\n\n【示例】\n方程: x²-3x+2=0\n解得: x₁=1, x₂=2\n\n验证 x=1:\n左边 = 1²-3×1+2 = 1-3+2 = 0 ✓\n\n验证 x=2:\n左边 = 2²-3×2+2 = 4-6+2 = 0 ✓\n\n───────────────────────────\n\n方法二: 韦达定理检验 ⭐⭐⭐⭐ (快速)\nStep 1: 计算 x₁+x₂,对比 -b/a\nStep 2: 计算 x₁·x₂,对比 c/a\n\n【示例】\n方程: x²-3x+2=0  (a=1,b=-3,c=2)\n解得: x₁=1, x₂=2\n\n检验和:\nx₁+x₂ = 1+2 = 3\n-b/a = -(-3)/1 = 3 ✓\n\n检验积:\nx₁·x₂ = 1×2 = 2\nc/a = 2/1 = 2 ✓\n\n───────────────────────────\n\n方法三: 判别式检验 ⭐⭐⭐ (理论检验)\nStep 1: 计算 Δ=b²-4ac\nStep 2: 根据Δ判断根的情况是否合理\n\n【示例】\n方程: x²-3x+2=0\nΔ = 9-8 = 1 > 0\n∴ 应有两个不相等的实根\n解得两个不同的根,符合预期 ✓\n特殊情况检验\n【应用题的检验】(必做!)\n\n除了数学检验,还需检验实际意义:\n\n□ 时间: t>0\n□ 长度: l>0\n□ 人数: n为正整数\n□ 速度: v>0\n□ 增长率: -1<x<1 (或0<x<1)\n□ 几何问题: 三角形三边关系等\n\n【示例】\n某商品降价率为x,连续降两次后价格为原价的64%\n列方程: (1-x)²=0.64\n解得: x₁=0.4, x₂=1.6\n\n检验实际意义:\nx₁=0.4=40% ✓ (合理的降价率)\nx₂=1.6=160% ✗ (降价率>100%,不合理)\n\n∴ 只取 x=0.4",
      "metadata": {
        "type": "method",
        "difficulty": "basic",
        "keywords": [
          "增长率",
          "检验",
          "韦达定理",
          "代入验证",
          "韦达定理检验",
          "实际意义",
          "判别式"
        ],
        "topics": [
          "解题规范"
        ],
        "formulas": [
          "Δ = 9-8 = 1 > 0",
          "c/a = 2/1 = 2 ✓",
          "-b/a = -(-3)/1 = 3 ✓",
          "方法三: 判别式检验 ⭐⭐⭐ (理论检验)",
          "某商品降价率为x,连续降两次后价格为原价的64%"
        ],
        "related_topics": [],
        "question": null,
        "line_range": "128-196"
      }
    },
    {
      "chunk_id": "case_01_comprehensive",
      "source_file": "综合应用案例.md",
      "title": "案例1: 判别式与韦达定理综合",
      "content": "案例1: 判别式与韦达定理综合\n【题目】★★★★☆\n已知关于x的方程 x²-2(m-1)x+m²=0。\n(1) 若方程有实数根,求m的取值范围;\n(2) 若方程两根满足 x₁²+x₂²=6,求m的值。\n\n【完整解答】\n\n第(1)问:\n方法一 (直接法):\n∵ 方程有实数根\n∴ Δ≥0\n\nΔ = [-2(m-1)]² - 4×1×m²\n  = 4(m-1)² - 4m²\n  = 4(m²-2m+1) - 4m²\n  = 4m²-8m+4-4m²\n  = -8m+4\n\n由 -8m+4≥0 得:\n-8m ≥ -4\nm ≤ 1/2\n\n方法二 (配方法):\n原方程可写成:\n(x-m)²-(x-m)(2-2m)=0\n(x-m)[x-m-2+2m]=0\n(x-m)(x+m-2)=0\nx₁=m, x₂=2-m\n\n要有实根,两根可以相等或不等\n∴ m可以是任意实数... ✗\n\n错误分析: 忘记验证是否为二次方程!\n\n正确: 需 1≠0 (自动满足)\n     且 Δ≥0 → m≤1/2\n\n───────────────────────────\n\n第(2)问:\n∵ 方程有两根\n∴ Δ≥0,即 m≤1/2  ···前提条件\n\n由韦达定理:\nx₁+x₂ = 2(m-1)\nx₁·x₂ = m²\n\n利用公式:\nx₁²+x₂² = (x₁+x₂)² - 2x₁x₂\n        = [2(m-1)]² - 2m²\n        = 4(m²-2m+1) - 2m²\n        = 4m²-8m+4-2m²\n        = 2m²-8m+4\n\n依题意:\n2m²-8m+4 = 6\n2m²-8m-2 = 0\nm²-4m-1 = 0\n\n用公式法:\nΔ = 16+4 = 20\nm = (4±√20)/2 = (4±2√5)/2 = 2±√5\n\n验证是否满足 m≤1/2:\n- m₁=2+√5≈4.24 > 1/2 ✗ 舍去\n- m₂=2-√5≈-0.24 < 1/2 ✓\n\n答: m=2-√5\n\n【方法总结】\n含参方程综合题的标准流程:\n① 讨论是否为二次方程\n② 由根的情况确定Δ的范围\n③ 应用韦达定理列关系式\n④ 解出参数后代回验证",
      "metadata": {
        "type": "case_study",
        "difficulty": "advanced",
        "keywords": [
          "公式法",
          "配方法",
          "实数根",
          "综合题",
          "韦达定理",
          "条件验证",
          "判别式",
          "含参讨论"
        ],
        "topics": [
          "综合应用"
        ],
        "formulas": [
          "(x-m)(x+m-2)=0",
          "方法一 (直接法):",
          "(1) 若方程有实数根,求m的取值范围;",
          "= 4(m-1)² - 4m²",
          "第(1)问:"
        ],
        "related_topics": [],
        "question": null,
        "line_range": "3-78"
      }
    },
    {
      "chunk_id": "case_02_dynamic_geometry",
      "source_file": "综合应用案例.md",
      "title": "案例2: 实际应用综合题（动点问题）",
      "content": "案例2: 实际应用综合题\n【题目】★★★★★ (中考压轴常见类型)\n如图,在矩形ABCD中,AB=8cm,BC=6cm。\n点P从A出发沿AB向B运动,速度为1cm/s;\n点Q从B出发沿BC向C运动,速度为2cm/s。\n两点同时出发,设运动时间为t秒。\n\n(1) 当t为何值时,△PBQ的面积为8cm²?\n(2) 当t为何值时,PQ=AB?\n(3) 是否存在某时刻,使PQ⊥BD?若存在,求t的值。\n\n【第(1)问详解】\n建立方程:\n\nt秒后:\n- AP=t,则 PB=8-t\n- BQ=2t\n\n△PBQ的面积 = (1/2)×PB×BQ\n            = (1/2)(8-t)×2t\n            = t(8-t)\n            = 8t-t²\n\n依题意:\n8t-t² = 8\n-t²+8t-8 = 0\nt²-8t+8 = 0\n\n用公式法:\nΔ = 64-32 = 32\nt = (8±√32)/2 = (8±4√2)/2 = 4±2√2\n\n验证实际意义:\n∵ 点P运动到B需8秒,点Q运动到C需3秒\n∴ 0<t<3 (Q先到终点)\n\n- t₁=4+2√2≈6.83 > 3 ✗ 舍去\n- t₂=4-2√2≈1.17 < 3 ✓\n\n答: t=4-2√2 秒时,面积为8cm²。\n\n───────────────────────────\n\n【第(2)问详解】\n建立坐标系,设A为原点:\n\nt秒后:\n- P(t,0)\n- Q(8,2t)\n\nPQ² = (8-t)²+(2t)²\n    = 64-16t+t²+4t²\n    = 5t²-16t+64\n\n依题意: PQ=AB=8\n∴ PQ²=64\n\n5t²-16t+64 = 64\n5t²-16t = 0\nt(5t-16) = 0\n\nt₁=0 (舍去,未开始运动)\nt₂=16/5=3.2\n\n验证: 3.2>3,Q已到C点\n∴ 此时Q不再运动,模型改变!\n\n修正: 当t>3时,Q停在C点\nBQ=6 (保持不变)\n\nPQ² = (8-t)²+6²\n64 = (8-t)²+36\n(8-t)² = 28\n8-t = ±√28 = ±2√7\nt = 8-2√7 或 t=8+2√7\n\n∵ 8-2√7≈2.71<3 ✗ (此时Q还在运动)\n  8+2√7≈13.29>3 ✓ (但已超出AB长度)\n\n重新检验...\n\n正确答案:不存在!\n(或者需要更精细的分段讨论)\n\n───────────────────────────\n\n【第(3)问提示】\nPQ⊥BD 涉及:\n- 求BD的斜率\n- 求PQ的斜率\n- 两斜率乘积=-1\n\n建立二次方程求解...\n(留作练习)\n\n【解题反思】\n动点问题的三大陷阱:\n1. 时间范围约束(某点先到终点)\n2. 分段讨论(不同阶段建模不同)\n3. 实际意义检验(舍去不合理的根)",
      "metadata": {
        "type": "case_study",
        "difficulty": "expert",
        "keywords": [
          "公式法",
          "动点问题",
          "压轴题",
          "分段讨论",
          "实际意义",
          "几何综合"
        ],
        "topics": [
          "应用拓展"
        ],
        "formulas": [
          "【第(1)问详解】",
          "t(5t-16) = 0",
          "t₂=16/5=3.2",
          "3. 实际意义检验(舍去不合理的根)",
          "= 64-16t+t²+4t²"
        ],
        "related_topics": [],
        "question": null,
        "line_range": "79-179"
      }
    }
  ],
  "indexes": {
    "keyword_index": {
      "一元二次方程": [
        "faq_01_why_completing_square",
        "concept_08_discriminant",
        "faq_06_learning_strategy",
        "method_01_decision_tree",
        "faq_05_growth_rate",
        "concept_02_standard_form",
        "concept_01_definition",
        "concept_09_vieta_theorem",
        "concept_06_quadratic_formula",
        "faq_02_equation_vs_function"
      ],
      "配方法": [
        "faq_01_why_completing_square",
        "concept_05_completing_square",
        "case_01_comprehensive",
        "faq_06_learning_strategy",
        "method_01_decision_tree",
        "method_02_completing_square_steps",
        "concept_09_vieta_theorem",
        "concept_06_quadratic_formula",
        "method_03_problem_recognition"
      ],
      "公式法": [
        "faq_01_why_completing_square",
        "case_01_comprehensive",
        "case_02_dynamic_geometry",
        "method_01_decision_tree",
        "faq_06_learning_strategy",
        "concept_06_quadratic_formula",
        "method_03_problem_recognition"
      ],
      "判别式": [
        "method_04_verification",
        "case_01_comprehensive",
        "faq_06_learning_strategy",
        "concept_08_discriminant",
        "faq_03_discriminant_vs_vieta",
        "concept_06_quadratic_formula",
        "faq_02_equation_vs_function"
      ],
      "解方程": [
        "concept_05_completing_square",
        "concept_08_discriminant",
        "faq_06_learning_strategy",
        "faq_03_discriminant_vs_vieta",
        "concept_09_vieta_theorem",
        "concept_06_quadratic_formula"
      ],
      "因式分解": [
        "concept_05_completing_square",
        "method_01_decision_tree",
        "faq_06_learning_strategy",
        "concept_08_discriminant",
        "concept_09_vieta_theorem",
        "method_03_problem_recognition"
      ],
      "韦达定理": [
        "case_01_comprehensive",
        "faq_06_learning_strategy",
        "concept_08_discriminant",
        "faq_03_discriminant_vs_vieta",
        "concept_09_vieta_theorem",
        "method_04_verification"
      ],
      "实数根": [
        "faq_04_one_or_two_roots",
        "case_01_comprehensive",
        "concept_08_discriminant",
        "concept_09_vieta_theorem",
        "concept_06_quadratic_formula"
      ],
      "移项": [
        "method_02_completing_square_steps",
        "concept_05_completing_square",
        "concept_02_standard_form",
        "concept_06_quadratic_formula"
      ],
      "二次项系数": [
        "method_02_completing_square_steps",
        "concept_05_completing_square",
        "concept_02_standard_form",
        "concept_08_discriminant"
      ],
      "一次项系数": [
        "method_02_completing_square_steps",
        "concept_05_completing_square",
        "concept_02_standard_form",
        "concept_06_quadratic_formula"
      ],
      "直接开平方": [
        "method_01_decision_tree",
        "concept_05_completing_square",
        "faq_06_learning_strategy",
        "method_03_problem_recognition"
      ],
      "化简": [
        "concept_01_definition",
        "concept_06_quadratic_formula",
        "concept_02_standard_form"
      ],
      "求根公式": [
        "concept_09_vieta_theorem",
        "concept_06_quadratic_formula",
        "faq_01_why_completing_square"
      ],
      "根的个数": [
        "faq_03_discriminant_vs_vieta",
        "concept_08_discriminant",
        "faq_04_one_or_two_roots"
      ],
      "顶点": [
        "faq_06_learning_strategy",
        "faq_01_why_completing_square",
        "concept_08_discriminant"
      ],
      "增长率": [
        "faq_05_growth_rate",
        "method_04_verification",
        "faq_06_learning_strategy"
      ],
      "完全平方式": [
        "concept_05_completing_square",
        "method_02_completing_square_steps"
      ],
      "抛物线": [
        "concept_08_discriminant",
        "faq_02_equation_vs_function"
      ],
      "根与系数": [
        "concept_09_vieta_theorem",
        "faq_02_equation_vs_function"
      ],
      "两根之积": [
        "concept_09_vieta_theorem",
        "faq_03_discriminant_vs_vieta"
      ],
      "两根之和": [
        "concept_09_vieta_theorem",
        "faq_03_discriminant_vs_vieta"
      ],
      "二次函数": [
        "faq_01_why_completing_square",
        "faq_02_equation_vs_function"
      ],
      "实际意义": [
        "method_04_verification",
        "case_02_dynamic_geometry"
      ],
      "ax²+bx+c=0": [
        "concept_01_definition"
      ],
      "最高次数": [
        "concept_01_definition"
      ],
      "整式方程": [
        "concept_01_definition"
      ],
      "定义": [
        "concept_01_definition"
      ],
      "常数项": [
        "concept_02_standard_form"
      ],
      "一般形式": [
        "concept_02_standard_form"
      ],
      "最值": [
        "concept_05_completing_square"
      ],
      "配方步骤": [
        "concept_05_completing_square"
      ],
      "(x+m)²=n": [
        "concept_05_completing_square"
      ],
      "万能解法": [
        "concept_06_quadratic_formula"
      ],
      "x=(-b±√Δ)/(2a)": [
        "concept_06_quadratic_formula"
      ],
      "抛物线交点": [
        "concept_08_discriminant"
      ],
      "Δ": [
        "concept_08_discriminant"
      ],
      "b²-4ac": [
        "concept_08_discriminant"
      ],
      "x₁+x₂=-b/a": [
        "concept_09_vieta_theorem"
      ],
      "x₁·x₂=c/a": [
        "concept_09_vieta_theorem"
      ],
      "为什么学": [
        "faq_01_why_completing_square"
      ],
      "求最值": [
        "faq_01_why_completing_square"
      ],
      "理论基础": [
        "faq_01_why_completing_square"
      ],
      "对称轴": [
        "faq_02_equation_vs_function"
      ],
      "根": [
        "faq_02_equation_vs_function"
      ],
      "关系": [
        "faq_02_equation_vs_function"
      ],
      "交点": [
        "faq_02_equation_vs_function"
      ],
      "根的关系": [
        "faq_03_discriminant_vs_vieta"
      ],
      "使用场景": [
        "faq_03_discriminant_vs_vieta"
      ],
      "两个相等的根": [
        "faq_04_one_or_two_roots"
      ],
      "重根": [
        "faq_04_one_or_two_roots"
      ],
      "Δ=0": [
        "faq_04_one_or_two_roots"
      ],
      "乘法模型": [
        "faq_05_growth_rate"
      ],
      "连续增长": [
        "faq_05_growth_rate"
      ],
      "(1+x)²": [
        "faq_05_growth_rate"
      ],
      "实际应用": [
        "faq_05_growth_rate"
      ],
      "时间规划": [
        "faq_06_learning_strategy"
      ],
      "学习路径": [
        "faq_06_learning_strategy"
      ],
      "整数根": [
        "faq_06_learning_strategy"
      ],
      "难度分级": [
        "faq_06_learning_strategy"
      ],
      "知识图谱": [
        "faq_06_learning_strategy"
      ],
      "学习误区": [
        "faq_06_learning_strategy"
      ],
      "决策树": [
        "method_01_decision_tree"
      ],
      "方法选择": [
        "method_01_decision_tree"
      ],
      "配方数": [
        "method_02_completing_square_steps"
      ],
      "步骤": [
        "method_02_completing_square_steps"
      ],
      "方法匹配": [
        "method_03_problem_recognition"
      ],
      "题型识别": [
        "method_03_problem_recognition"
      ],
      "特征识别": [
        "method_03_problem_recognition"
      ],
      "检验": [
        "method_04_verification"
      ],
      "代入验证": [
        "method_04_verification"
      ],
      "韦达定理检验": [
        "method_04_verification"
      ],
      "综合题": [
        "case_01_comprehensive"
      ],
      "条件验证": [
        "case_01_comprehensive"
      ],
      "含参讨论": [
        "case_01_comprehensive"
      ],
      "动点问题": [
        "case_02_dynamic_geometry"
      ],
      "压轴题": [
        "case_02_dynamic_geometry"
      ],
      "分段讨论": [
        "case_02_dynamic_geometry"
      ],
      "几何综合": [
        "case_02_dynamic_geometry"
      ]
    },
    "formula_index": {
      "ax²+bx+c=0 (a≠0)": [
        "concept_01_definition"
      ],
      "ax²+bx+c=0": [
        "concept_02_standard_form"
      ],
      "x²+px → 配(p/2)²": [
        "concept_05_completing_square"
      ],
      "(x+m)²=n": [
        "concept_05_completing_square"
      ],
      "x = (-b ± √(b²-4ac)) / (2a)": [
        "concept_06_quadratic_formula"
      ],
      "Δ=b²-4ac": [
        "concept_06_quadratic_formula",
        "concept_08_discriminant"
      ],
      "Δ>0两根": [
        "concept_08_discriminant"
      ],
      "Δ=0一根": [
        "concept_08_discriminant"
      ],
      "Δ<0无根": [
        "concept_08_discriminant"
      ],
      "x₁+x₂=-b/a": [
        "concept_09_vieta_theorem"
      ],
      "x₁·x₂=c/a": [
        "concept_09_vieta_theorem"
      ],
      "x₁²+x₂²=(x₁+x₂)²-2x₁x₂": [
        "concept_09_vieta_theorem"
      ],
      "- 二次函数求最值必用配方法": [
        "faq_01_why_completing_square"
      ],
      "- 不学配方法,就不知道公式从何而来": [
        "faq_01_why_completing_square"
      ],
      "- 立即看出顶点坐标 (h,k)": [
        "faq_01_why_completing_square"
      ],
      "- 高中解析几何配方求圆心": [
        "faq_01_why_completing_square"
      ],
      "- 大学微积分配方求积分": [
        "faq_01_why_completing_square"
      ],
      "Δ<0 ↔ 抛物线与x轴无交点": [
        "faq_02_equation_vs_function"
      ],
      "(两根的中点就是对称轴!)": [
        "faq_02_equation_vs_function"
      ],
      "1. 方程的根 = 函数图像与x轴交点的横坐标": [
        "faq_02_equation_vs_function"
      ],
      "Δ>0 ↔ 抛物线与x轴有2个交点": [
        "faq_02_equation_vs_function"
      ],
      "x₁+x₂=-b/a ↔ 对称轴 x=-b/(2a)": [
        "faq_02_equation_vs_function"
      ],
      "x₁+x₂>0": [
        "faq_03_discriminant_vs_vieta"
      ],
      "x₁x₂>0": [
        "faq_03_discriminant_vs_vieta"
      ],
      "方程 x²=0 也是:": [
        "faq_04_one_or_two_roots"
      ],
      "Δ = 0-4×1×(-4) = 16 > 0": [
        "faq_04_one_or_two_roots"
      ],
      "Δ = 0-0 = 0": [
        "faq_04_one_or_two_roots"
      ],
      "x₁=2, x₂=-2": [
        "faq_04_one_or_two_roots"
      ],
      "即 x²+0x+0=0": [
        "faq_04_one_or_two_roots"
      ],
      "→ 形成 (1+x)² 的平方项": [
        "faq_05_growth_rate"
      ],
      "第一次涨价后的价格×(1+涨价率)": [
        "faq_05_growth_rate"
      ],
      "= 100(1+x)×(1+x)": [
        "faq_05_growth_rate"
      ],
      "= 100×(1+x)": [
        "faq_05_growth_rate"
      ],
      "学生常列成: 100+100x+100x=121 ✗": [
        "faq_05_growth_rate"
      ],
      "阶段1: 前置知识 (必须掌握)": [
        "faq_06_learning_strategy"
      ],
      "- 判断根的情况": [
        "faq_06_learning_strategy"
      ],
      "- 两根都大于某数,求参数": [
        "faq_06_learning_strategy"
      ],
      "- Day 1-2: 判别式及应用": [
        "faq_06_learning_strategy"
      ],
      "- 基础: 30-45分钟": [
        "faq_06_learning_strategy"
      ],
      "② 不行就用公式法 (最稳妥)": [
        "method_01_decision_tree"
      ],
      "适用: 所有方程(万能)": [
        "method_01_decision_tree"
      ],
      "① 先看能否直接开平方/因式分解 (1分钟)": [
        "method_01_decision_tree"
      ],
      "适用: x²=a 或 (x+m)²=n": [
        "method_01_decision_tree"
      ],
      "【推荐优先级】(从高到低)": [
        "method_01_decision_tree"
      ],
      "配方数=(p/2)²": [
        "method_02_completing_square_steps"
      ],
      "见到: x²-16=0": [
        "method_03_problem_recognition"
      ],
      "→ (x-1)(x+2)=0": [
        "method_03_problem_recognition"
      ],
      "想到: 平方差公式 → (x+4)(x-4)=0": [
        "method_03_problem_recognition"
      ],
      "见到: x²+x-2=0": [
        "method_03_problem_recognition"
      ],
      "见到: 2x²-5x+1=0": [
        "method_03_problem_recognition"
      ],
      "Δ = 9-8 = 1 > 0": [
        "method_04_verification"
      ],
      "c/a = 2/1 = 2 ✓": [
        "method_04_verification"
      ],
      "-b/a = -(-3)/1 = 3 ✓": [
        "method_04_verification"
      ],
      "方法三: 判别式检验 ⭐⭐⭐ (理论检验)": [
        "method_04_verification"
      ],
      "某商品降价率为x,连续降两次后价格为原价的64%": [
        "method_04_verification"
      ],
      "(x-m)(x+m-2)=0": [
        "case_01_comprehensive"
      ],
      "方法一 (直接法):": [
        "case_01_comprehensive"
      ],
      "(1) 若方程有实数根,求m的取值范围;": [
        "case_01_comprehensive"
      ],
      "= 4(m-1)² - 4m²": [
        "case_01_comprehensive"
      ],
      "第(1)问:": [
        "case_01_comprehensive"
      ],
      "【第(1)问详解】": [
        "case_02_dynamic_geometry"
      ],
      "t(5t-16) = 0": [
        "case_02_dynamic_geometry"
      ],
      "t₂=16/5=3.2": [
        "case_02_dynamic_geometry"
      ],
      "3. 实际意义检验(舍去不合理的根)": [
        "case_02_dynamic_geometry"
      ],
      "= 64-16t+t²+4t²": [
        "case_02_dynamic_geometry"
      ]
    }
  },
  "statistics": {
    "total_chunks": 18,
    "total_keywords": 79,
    "total_formulas": 65,
    "chunks_by_type": {
      "concept": 2,
      "method": 4,
      "theory": 2,
      "faq": 5,
      "strategy": 3,
      "case_study": 2
    },
    "chunks_by_difficulty": {
      "basic": 6,
      "medium": 8,
      "advanced": 3,
      "expert": 1
    }
  }
}